{
  "project_info": {
    "project_number": "452496503501",
    "firebase_url": "https://project-2e012-default-rtdb.asia-southeast1.firebasedatabase.app",
    "project_id": "project-2e012",
    "storage_bucket": "project-2e012.appspot.com"
  },
  "client": [
    {
      "client_info": {
        "mobilesdk_app_id": "1:452496503501:android:6c46827aa7089e7991ef84",
        "android_client_info": {
          "package_name": "com.example.demo1"
        }
      },
      "oauth_client": [
        {
          "client_id": "452496503501-r6famk8bm8s84oabhqnr9npmlprmf02b.apps.googleusercontent.com",
          "client_type": 3
        }
      ],
      "api_key": [
        {
          "current_key": "AIzaSyBfLaHb_2nN_qnqqrk0_HGBH4KOiwBbELA"
        }
      ],
      "services": {
        "appinvite_service": {
          "other_platform_oauth_client": [
            {
              "client_id": "452496503501-r6famk8bm8s84oabhqnr9npmlprmf02b.apps.googleusercontent.com",
              "client_type": 3
            },
            {
              "client_id": "452496503501-qvmgohf4pmkbe8d884l7804mvvul75rp.apps.googleusercontent.com",
              "client_type": 2,
              "ios_info": {
                "bundle_id": "com.example.demo1"
              }
            }
          ]
        }
      }
    },
    {
      "client_info": {
        "mobilesdk_app_id": "1:452496503501:android:83924450b6ad2d9891ef84",
        "android_client_info": {
          "package_name": "com.example.project"
        }
      },
      "oauth_client": [
        {
          "client_id": "452496503501-r6famk8bm8s84oabhqnr9npmlprmf02b.apps.googleusercontent.com",
          "client_type": 3
        }
      ],
      "api_key": [
        {
          "current_key": "AIzaSyBfLaHb_2nN_qnqqrk0_HGBH4KOiwBbELA"
        }
      ],
      "services": {
        "appinvite_service": {
          "other_platform_oauth_client": [
            {
              "client_id": "452496503501-r6famk8bm8s84oabhqnr9npmlprmf02b.apps.googleusercontent.com",
              "client_type": 3
            },
            {
              "client_id": "452496503501-qvmgohf4pmkbe8d884l7804mvvul75rp.apps.googleusercontent.com",
              "client_type": 2,
              "ios_info": {
                "bundle_id": "com.example.demo1"
              }
            }
          ]
        }
      }
    }
  ],
  "configuration_version": "1"
}